{
    "buckets": {
        "connection": {
            "access_key": "Clave de acceso",
            "notes": "Notas"
        }
    },
    "domain": {
        "advanced": "Avanzado",
        "free_busy": "Libre/Ocupado",
        "general_settings": "Ajustes generales",
        "theme": "Tema"
    },
    "label": {
        "account": "Cuenta",
        "accounts": "Cuentas",
        "active": "Activo",
        "add": "Agregar",
        "mb": "MB",
        "app_clicked": "Has aceptado la solicitud de compartir",
        "app_name": "Administrar",
        "available_space": "Espacio disponible",
        "backup": "Backup",
        "cancel": "Cancelar",
        "configuration": "Configuración",
        "core": "Core",
        "days": "Días",
        "delete": "Eliminar",
        "description": "Descripción",
        "discard_changes": "DESCARTAR CAMBIOS",
        "external": "Externo",
        "hours": "Horas",
        "minutes": "Minutos",
        "name": "Nombre",
        "not_set": "No establecido",
        "note": "Nota",
        "notification": "Notificación",
        "of": "de",
        "page ": "Has aceptado la solicitud de compartir",
        "page_": "Has aceptado la solicitud de compartir",
        "privacy": "Privacy",
        "remove": "Remover",
        "save": "Guardar",
        "signature_required": "Se requiere información sobre la firma.",
        "snackbar": {
            "share": {
                "accepted": "Has aceptado la solicitud de compartir"
            }
        },
        "status": "Estado",
        "suspended": "Suspendido",
        "timezone": "Huso horario",
        "unlimited": "Ilimitado",
        "url": "URL"
    },
    "timezone": {
        "indian_mauritius": "{{value}} Port Louis",
        "pacific_apia": "{{value}} Samoa",
        "pacific_auckland": "{{value}} Nueva Zelanda",
        "pacific_bougainville": "{{value}} Hora Estándar de Bougainville",
        "pacific_chatham": "{{value}} Chatham",
        "pacific_easter": "{{value}} Rapa Nui",
        "pacific_fiji": "{{value}} Fiyi",
        "pacific_guadalcanal": "{{value}} Islas Salomón / Nueva Caledonia",
        "pacific_guam": "{{value}} Guam, Puerto Moresby",
        "pacific_honolulu": "{{value}} Hawái",
        "pacific_kiritimati": "{{value}} Kiritimati",
        "pacific_marquesas": "{{value}} Marquesas",
        "pacific_midway": "{{value}} Samoa",
        "pacific_norfolk": "{{value}} Norfolk",
        "pacific_tongatapu": "{{value}} Nukualofa",
        "utc": "{{value}} Tiempo universal coordinado",
        "africa_algiers": "{{value}} África Centro-Occidental",
        "africa_cairo": "{{value}} Egipto",
        "africa_casablanca": "{{value}} Casablanca",
        "africa_harare": "{{value}} Harare, Pretoria",
        "africa_juba": "{{value}} Juba",
        "africa_khartoum": "{{value}} Khartoum",
        "africa_monrovia": "{{value}} Monrovia",
        "africa_nairobi": "{{value}} Nairobi",
        "africa_sao_tome": "{{value}} Santo Tomé",
        "africa_tripoli": "{{value}} Trípoli",
        "africa_windhoek": "{{value}} Namibia",
        "america_adak": "{{value}} Adak",
        "america_anchorage": "{{value}} Alaska",
        "america_araguaina": "{{value}} Araguaína",
        "america_argentina_buenos_aires": "{{value}} Argentina",
        "america_asuncion": "{{value}} Asunción",
        "america_bahia": "{{value}} Salvador",
        "america_bogota": "{{value}} Colombia",
        "america_cancun": "{{value}} Cancún, Chetumal",
        "america_caracas": "{{value}} Caracas",
        "america_cayenne": "{{value}} Cayena, Fortaleza",
        "america_chicago": "{{value}} US/Canada Central",
        "america_chihuahua": "{{value}} Chihuahua, La Paz, Mazatlan",
        "america_cuiaba": "{{value}} Cuiabá",
        "america_denver": "{{value}} Zona Pacífico EEUU/Canada",
        "america_fort_nelson": "{{value}} Fort Nelson",
        "america_grand_turk": "{{value}} Islas Turcas y Caicos",
        "america_guatemala": "{{value}} América Central",
        "america_guyana": "{{value}} Georgetown, La Paz, Manaos, San Juan",
        "america_halifax": "{{value}} Hora del Atlántico (Canadá)",
        "america_havana": "{{value}} La Havana",
        "america_indiana_indianapolis": "{{value}} Indiana (Este)",
        "america_los_angeles": "{{value}} US/Canada Pacífico",
        "america_mexico_city": "{{value}} Guadalajara, Ciudad de México, Monterrey",
        "america_miquelon": "{{value}} Miquelón",
        "america_montevideo": "{{value}} Montevideo",
        "america_new_york": "{{value}} US/Canada Oriental",
        "america_phoenix": "{{value}} Arizona",
        "america_port-au-prince": "{{value}} Puerto Príncipe",
        "america_punta_arenas": "{{value}} Punta Arenas",
        "america_regina": "{{value}} Saskatchewan",
        "america_santiago": "{{value}} Pacífico América del Sur",
        "america_sao_paulo": "{{value}} Brasilia",
        "america_st_johns": "{{value}} Newfoundland",
        "america_tijuana": "{{value}} Baja California",
        "america_whitehorse": "{{value}} Yukón",
        "asia_almaty": "{{value}} Astaná",
        "asia_amman": "{{value}} Jordán",
        "asia_baghdad": "{{value}} Iraq",
        "asia_baku": "{{value}} Bakú",
        "asia_bangkok": "{{value}} Bangkok, Hanoi, Yakarta",
        "asia_barnaul": "{{value}} Barnaúl",
        "asia_beirut": "{{value}} Beirut",
        "asia_chita": "{{value}} Chita",
        "asia_colombo": "{{value}} Sri Jayawardenepura Kotte",
        "asia_damascus": "{{value}} Damasco",
        "asia_dhaka": "{{value}} Dhaka",
        "asia_gaza": "{{value}} Gaza",
        "asia_hong_kong": "{{value}} Pequín, Chongqing, Hong Kong, Urumqi",
        "asia_hovd": "{{value}} Hovd",
        "asia_irkutsk": "{{value}} Irkutsk (RTZ 7)",
        "asia_jerusalem": "{{value}} Jerusalén",
        "asia_kabul": "{{value}} Kabul",
        "asia_kamchatka": "{{value}} Anadyr, Petropavlovsk-Kamchatsky (RTZ 11)",
        "asia_karachi": "{{value}} Islamabad, Karachi",
        "asia_kathmandu": "{{value}} Katmandú",
        "asia_kolkata": "{{value}} Chennai, Calcuta, Bombay, Nueva Delhi",
        "asia_krasnoyarsk": "{{value}} Krasnoyarsk (RTZ 6)",
        "asia_kuala_lumpur": "{{value}} Kuala Lumpur",
        "asia_kuwait": "{{value}} Kuwait, Riyadh",
        "asia_magadan": "{{value}} Magadán",
        "asia_muscat": "{{value}} Abu Dabi, Mascate",
        "asia_novosibirsk": "{{value}} Novosibirsk (RTZ 5)",
        "asia_omsk": "{{value}} Omsk",
        "asia_pyongyang": "{{value}} Pyongyang",
        "asia_qyzylorda": "{{value}} Qyzylorda",
        "asia_sakhalin": "{{value}} Sajalín",
        "asia_seoul": "{{value}} Corea",
        "asia_singapore": "{{value}} Singapur",
        "asia_srednekolymsk": "{{value}} Chokurdakh (RTZ 10)",
        "asia_taipei": "{{value}} Taipéi",
        "asia_tashkent": "{{value}} Taskent",
        "asia_tbilisi": "{{value}} Tiflis",
        "asia_tehran": "{{value}} Teherán",
        "asia_tokyo": "{{value}} Japón",
        "asia_tomsk": "{{value}} Tomsk",
        "asia_ulaanbaatar": "{{value}} Ulán Bator",
        "asia_vladivostok": "{{value}} Vladivostok, Magadán (RTZ 9)",
        "asia_yakutsk": "{{value}} Yakutsk (RTZ 8)",
        "asia_yangon": "{{value}} Yangon",
        "asia_yekaterinburg": "{{value}} Ekaterimburgo (RTZ 4)",
        "asia_yerevan": "{{value}} Everán",
        "atlantic_azores": "{{value}} Azores",
        "atlantic_cape_verde": "{{value}} Cabo Verde",
        "atlantic_south_georgia": "{{value}} Atlántico Medio",
        "australia_adelaide": "{{value}} Adelaida",
        "australia_brisbane": "{{value}} Brisbane",
        "australia_darwin": "{{value}} Darwin",
        "australia_eucla": "{{value}} Eucla",
        "australia_hobart": "{{value}} Hobart",
        "australia_lord_howe": "{{value}} Lord_Howe",
        "australia_perth": "{{value}} Perth",
        "australia_sydney": "{{value}} Canberra, Melbourne, Sídney",
        "etc_gmt+12": "{{value}} Línea de fecha",
        "europe_astrakhan": "{{value}} Astracán",
        "europe_athens": "{{value}} Atenas, Beirut, Bucarest, Estambul",
        "europe_belgrade": "{{value}} Belgrado, Bratislava, Budapest, Liubliana, Praga",
        "europe_berlin": "{{value}} Ámsterdam, Berlín, Berna, Roma, Estocolmo, Viena",
        "europe_brussels": "{{value}} Bruselas, Copenhague, Madrid, París",
        "europe_bucharest": "{{value}} Bucarest",
        "europe_chisinau": "{{value}} Chisináu",
        "europe_helsinki": "{{value}} Helsinki, Kiev, Riga, Sofía, Tallin, Vilna",
        "europe_istanbul": "{{value}} Estambul",
        "europe_kaliningrad": "{{value}} Kaliningrado (RTZ 1)",
        "europe_london": "{{value}} Gran Bretaña, Irlanda, Portugal",
        "europe_minsk": "{{value}} Minsk",
        "europe_moscow": "{{value}} Moscú, San Petersburgo, Volgogrado (RTZ 2)",
        "europe_samara": "{{value}} Izhevsk, Samara (RTZ 3)",
        "europe_saratov": "{{value}} Sarátov",
        "europe_volgograd": "{{value}} Volgogrado",
        "europe_warsaw": "{{value}} Sarajevo, Skopje, Varsovia, Zagreb"
    },
    "core": {
        "subscription": {
            "active": "Activo",
            "bundle": "Bundle",
            "company_name": "Nombre de la compañía",
            "customer": "Cliente",
            "email_buyer": "Email del Comprador",
            "emissionDate": "Fecha de emisión",
            "features": "Otras características",
            "hide": "Ocultar",
            "less_info": "Menos información",
            "more_info": "Más información",
            "renew": "Renovar",
            "status": "Estado",
            "subscription_Accounts": "Cuentas de suscripción",
            "subscription_last_check": "Última comprobación de suscripción",
            "subscription_type": "Tipo de suscripción",
            "token": "Token",
            "version": "Versión de Zextras"
        }
    },
    "message": {
        "snackbar": {
            "share": {
                "accepted": "Has aceptado la solicitud de compartir"
            }
        }
    }
}
