{
    "label": {
        "days": "Dias",
        "suspended": "Suspenso",
        "account": "Conta",
        "accounts": "Contas",
        "add": "Adicionar",
        "app_clicked": "Você aceitou este pedido de compartilhamento",
        "app_name": "Gerir",
        "backup": "Backup",
        "cancel": "Cancelar",
        "core": "Core",
        "delete": "Apagar",
        "description": "Descrição",
        "discard_changes": "DESCARTAR MODIFICAÇÕES",
        "external": "Externo",
        "mb": "MB",
        "name": "Nome",
        "not_set": "Não definido",
        "of": "de",
        "page ": "Você aceitou este pedido de compartilhamento",
        "page_": "Você aceitou este pedido de compartilhamento",
        "privacy": "Privacy",
        "remove": "Remover",
        "save": "Salvar",
        "signature_required": "A informação da assinatura é necessária.",
        "snackbar": {
            "share": {
                "accepted": "Você aceitou este pedido de compartilhamento"
            }
        },
        "status": "Status",
        "timezone": "Fuso horário",
        "unlimited": "Ilimitado",
        "url": "URL",
        "active": "Ativa",
        "authentication": "Autenticação",
        "certificate": "Certificado",
        "closed": "Fechado",
        "configuration": "Configuração",
        "domains": "Domínios",
        "enable_start_tls": "Ativar StartTLS",
        "external_active_directory": "Active Directory externo",
        "external_ldap": "LDAP externo",
        "features": "Funcionalidades",
        "filter": "Filtro",
        "general_information": "Informações gerais",
        "id": "ID",
        "internal": "Interno",
        "locked": "Bloqueado",
        "maintenance": "Manutenção",
        "services": "Serviços",
        "web_client": "Cliente web"
    },
    "timezone": {
        "asia_pyongyang": "{{value}} Pyongyang",
        "asia_qyzylorda": "{{value}} Qyzylorda",
        "europe_astrakhan": "{{value}} Astracã",
        "europe_athens": "{{value}} Atenas, Beirute, Bucareste, Istambul",
        "europe_belgrade": "{{value}} Belgrado, Bratislava, Budapeste, Liubliana, Praga",
        "europe_berlin": "{{value}} Amsterdã, Berlim, Berna, Roma, Estocolmo, Viena",
        "europe_brussels": "{{value}} Bruxelas, Copenhague, Madri, Paris",
        "europe_bucharest": "{{value}} Bucareste",
        "europe_chisinau": "{{value}} Chisinau",
        "europe_helsinki": "{{value}} Helsinque, Kiev, Riga, Sofia, Tallinn, Vilnius",
        "europe_istanbul": "{{value}} Istambul",
        "europe_kaliningrad": "{{value}} Kaliningrado (RTZ 1)",
        "europe_london": "{{value}} Grã-Bretanha, Irlanda, Portugal",
        "europe_minsk": "{{value}} Minsk",
        "africa_algiers": "{{value}} África Central Ocidental",
        "africa_cairo": "{{value}} Egito",
        "africa_casablanca": "{{value}} Casablanca",
        "africa_harare": "{{value}} Harare, Pretória",
        "africa_juba": "{{value}} Juba",
        "africa_khartoum": "{{value}} Cartum",
        "africa_monrovia": "{{value}} Monróvia",
        "africa_nairobi": "{{value}} Nairóbi",
        "africa_sao_tome": "{{value}} São Tomé",
        "africa_tripoli": "{{value}} Trípoli",
        "africa_windhoek": "{{value}} Namíbia",
        "america_adak": "{{value}} Adak",
        "america_anchorage": "{{value}} Alasca",
        "america_araguaina": "{{value}} Araguaína",
        "america_argentina_buenos_aires": "{{value}} Argentina",
        "america_asuncion": "{{value}} Assunção",
        "america_bahia": "{{value}} Salvador",
        "america_bogota": "{{value}} Colômbia",
        "america_cancun": "{{value}} Cancún, Chetumal",
        "america_caracas": "{{value}} Caracas",
        "america_cayenne": "{{value}} Caiena, Fortaleza",
        "america_chicago": "{{value}} EUA/Canadá Central",
        "america_chihuahua": "{{value}} Chihuahua, La Paz, Mazatlán",
        "america_cuiaba": "{{value}} Cuiabá",
        "america_denver": "{{value}} EUA/Canadá Montanhas",
        "america_fort_nelson": "{{value}} Forte Nelson",
        "america_grand_turk": "{{value}} Ilhas Turcas e Caicos",
        "america_guatemala": "{{value}} América Central",
        "america_guyana": "{{value}} Georgetown, La Paz, Manaus, San Juan",
        "america_halifax": "{{value}} Horário do Atlântico (Canadá)",
        "america_havana": "{{value}} Havana",
        "america_indiana_indianapolis": "{{value}} Indiana (Leste)",
        "america_los_angeles": "{{value}} EUA/Canadá Pacífico",
        "america_mexico_city": "{{value}} Guadalajara, Cidade do México, Monterrey",
        "america_miquelon": "{{value}} Miquelon",
        "america_montevideo": "{{value}} Montevidéu",
        "america_new_york": "{{value}} EUA/Leste do Canadá",
        "america_phoenix": "{{value}} Arizona",
        "america_port-au-prince": "{{value}} Porto Príncipe",
        "america_punta_arenas": "{{value}} Punta Arenas",
        "america_regina": "{{value}} Saskatchewan",
        "america_santiago": "{{value}} Pacífico América do Sul",
        "america_sao_paulo": "{{value}} Brasília",
        "america_st_johns": "{{value}} Terra Nova",
        "america_tijuana": "{{value}} Baja Califórnia",
        "america_whitehorse": "{{value}} Yukon",
        "asia_almaty": "{{value}} Nur-Sultã",
        "asia_amman": "{{value}} Jordânia",
        "asia_baghdad": "{{value}} Iraque",
        "asia_baku": "{{value}} Bacu",
        "asia_bangkok": "{{value}} Bangkok, Hanói, Jacarta",
        "asia_barnaul": "{{value}} Barnaul",
        "asia_beirut": "{{value}} Beirute",
        "asia_chita": "{{value}} Tchita",
        "asia_colombo": "{{value}} Sri Jayawardenepura Kotte",
        "asia_damascus": "{{value}} Damasco",
        "asia_dhaka": "{{value}} Daca",
        "asia_gaza": "{{value}} Gaza",
        "asia_hong_kong": "{{value}} Pequim, Chongqing, Hong Kong, Urumqi",
        "asia_hovd": "{{value}} Khovd",
        "asia_irkutsk": "{{value}} Irkutsk (RTZ 7)",
        "asia_jerusalem": "{{value}} Jerusalém",
        "asia_kabul": "{{value}} Cabul",
        "asia_kamchatka": "{{value}} Anadyr, Petropavlovsk-Kamchatsky (RTZ 11)",
        "asia_karachi": "{{value}} Islamabad, Carachi",
        "asia_kathmandu": "{{value}} Katmandu",
        "asia_kolkata": "{{value}} Chennai, Calcutá, Mumbai, Nova Deli",
        "asia_krasnoyarsk": "{{value}} Krasnoiarsk (RTZ 6)",
        "asia_kuala_lumpur": "{{value}} Kuala Lumpur",
        "asia_kuwait": "{{value}} Kuwait, Riad",
        "asia_magadan": "{{value}} Magadan",
        "asia_muscat": "{{value}} Abu Dhabi, Mascate",
        "asia_novosibirsk": "{{value}} Novosibirsk (RTZ 5)",
        "asia_omsk": "{{value}} Omsk",
        "asia_sakhalin": "{{value}} Sacalina",
        "asia_seoul": "{{value}} Coréia",
        "asia_singapore": "{{value}} Singapura",
        "asia_srednekolymsk": "{{value}} Chokurdakh (RTZ 10)",
        "asia_taipei": "{{value}} Taipé",
        "asia_tashkent": "{{value}} Tasquente",
        "asia_tbilisi": "{{value}} Tbilisi",
        "asia_tehran": "{{value}} Teerã",
        "asia_tokyo": "{{value}} Japão",
        "asia_tomsk": "{{value}} Tomsk",
        "asia_ulaanbaatar": "{{value}} Ulan Bator",
        "asia_vladivostok": "{{value}} Vladivostok, Magadan (RTZ 9)",
        "asia_yakutsk": "{{value}} Yakutsk (RTZ 8)",
        "asia_yangon": "{{value}} Yangon",
        "asia_yekaterinburg": "{{value}} Ecaterimburgo (RTZ 4)",
        "asia_yerevan": "{{value}} Erevã",
        "atlantic_azores": "{{value}} Açores",
        "atlantic_cape_verde": "{{value}} Cabo Verde",
        "atlantic_south_georgia": "{{value}} Médio Atlântico",
        "australia_adelaide": "{{value}} Adelaide",
        "australia_brisbane": "{{value}} Brisbane",
        "australia_darwin": "{{value}} Darwin",
        "australia_eucla": "{{value}} Eucla",
        "australia_hobart": "{{value}} Hobart",
        "australia_lord_howe": "{{value}} Ilha de Lord Howe",
        "australia_perth": "{{value}} Perth",
        "australia_sydney": "{{value}} Camberra, Melbourne, Sydney",
        "etc_gmt+12": "{{value}} Linha de data",
        "europe_moscow": "{{value}} Moscou, São Petersburgo, Volgogrado (RTZ 2)",
        "europe_samara": "{{value}} Izhevsk, Samara (RTZ 3)",
        "europe_saratov": "{{value}} Saratov",
        "europe_volgograd": "{{value}} Volgogrado",
        "europe_warsaw": "{{value}} Sarajevo, Skopje, Varsóvia, Zagreb",
        "indian_mauritius": "{{value}} Porto Louis",
        "pacific_apia": "{{value}} Samoa",
        "pacific_auckland": "{{value}} Nova Zelândia",
        "pacific_bougainville": "{{value}} Horário Padrão de Bougainville",
        "pacific_chatham": "{{value}} Chatham",
        "pacific_easter": "{{value}} Ilha de Páscoa",
        "pacific_fiji": "{{value}} Fiji",
        "pacific_guadalcanal": "{{value}} Ilhas Salomão / Nova Caledônia",
        "pacific_guam": "{{value}} Guam, Porto Moresby",
        "pacific_honolulu": "{{value}} Havaí",
        "pacific_kiritimati": "{{value}} Ilha Kiritimati",
        "pacific_marquesas": "{{value}} Ilhas Marquesas",
        "pacific_midway": "{{value}} Samoa",
        "pacific_norfolk": "{{value}} Norfolk",
        "pacific_tongatapu": "{{value}} Nuku’alofa",
        "utc": "{{value}} Tempo Universal Coordenado"
    },
    "buckets": {
        "connection": {
            "access_key": "Chave de acesso",
            "notes": "Observações"
        }
    },
    "core": {
        "subscription": {
            "hide": "Ocultar",
            "status": "Status",
            "active": "Ativa"
        }
    },
    "domain": {
        "free_busy": "Livre/Ocupado",
        "general_settings": "Configurações Gerais",
        "theme": "Tema",
        "advanced": "Avançado",
        "authentication": "Autenticação",
        "gal": "GAL",
        "general_information": "Informações gerais",
        "mailbox_quota": "Quota da caixa de correio",
        "most_result_return_gal_search": "Maioria dos resultados devolvidos pela pesquisa na GAL",
        "virtual_hosts": "Anfitriões virtuais"
    },
    "message": {
        "snackbar": {
            "share": {
                "accepted": "Você aceitou este pedido de compartilhamento"
            }
        }
    }
}
